CUSEC;DISTRITO;TIPO;Shape_Area;M2V;HMC;PSH;PSV;V5P;PTV5
5029701036;01;SECCION CENSAL;100256.366366;77.5453038674033;35.7469908418673;1.96145610278373;2.1940119760479;19.6506550218341;5.74850299401198
5029701038;01;SECCION CENSAL;69166.1161012;92.8815094339623;42.4445586705141;1.94590643274854;2.09276729559748;8.33959429000751;2.83018867924528
5029701039;01;SECCION CENSAL;48532.667442;118.684608120869;51.028484984585;2.35593220338983;2.42265795206972;3.77697841726619;1.30718954248366
5029701040;01;SECCION CENSAL;23215.5794308;95.3942414174972;40.1933161766879;2.05227272727273;2.29187817258883;3.65448504983389;1.26903553299492
5029701041;01;SECCION CENSAL;37957.1304388;69.4378137200223;30.5342636485678;2.00559284116331;2.22732919254658;21.1935303959844;6.95652173913043
5029701043;01;SECCION CENSAL;31706.9456443;73.2352941176471;33.3884940918859;2.00123915737299;2.15333333333333;14.6130030959752;5.6
5029702001;02;SECCION CENSAL;89952.4751499;110.747960108794;53.8369545176868;1.96187175043328;2.06569343065693;6.80212014134276;2.37226277372263
5029702002;02;SECCION CENSAL;33762.0068956;124.347624565469;52.283530054222;2.23273657289003;2.34677419354839;2.40549828178694;1.0752688172043
5029702003;02;SECCION CENSAL;29399.3290704;100.445168295331;41.0771542656723;2.04149377593361;2.27251732101617;4.87804878048781;2.07852193995381
5029702004;02;SECCION CENSAL;110231.373641;129.33268671193;52.3082396505079;2.42567567567568;2.51048951048951;0.0;0.0
5029702005;02;SECCION CENSAL;56401.3170344;168.731906218145;66.2753138141713;2.39759036144578;2.47512437810945;0.50251256281407;0.248756218905473
5029702006;02;SECCION CENSAL;97283.0370401;133.318329718004;52.1516402041727;2.40442132639792;2.5363511659808;0.865332612222823;0.411522633744856
5029702008;02;SECCION CENSAL;35763.2702514;120.737261146497;48.7676799314362;2.36981132075472;2.44357976653697;4.77707006369427;1.94552529182879
5029702009;02;SECCION CENSAL;25057.2591536;94.3468067906225;38.7901306615865;2.24094202898551;2.38803088803089;10.1859337105901;3.86100386100386
5029702010;02;SECCION CENSAL;65573.8493677;119.687415426252;49.0683543017505;2.31895223420647;2.45915032679739;6.44518272425249;2.45098039215686
5029702012;02;SECCION CENSAL;67130.2044209;101.230769230769;41.074070766744;2.29251700680272;2.38724911452184;9.09990108803165;3.54191263282172
5029702013;02;SECCION CENSAL;22580.2054244;81.0427892234548;35.9693070471296;2.08250825082508;2.24156305506217;16.6402535657686;6.21669626998224
5029702014;02;SECCION CENSAL;42236.8779433;82.0186418109188;36.4153263137577;2.06602475928473;2.23179791976226;15.1797603195739;5.79494799405646
5029702015;02;SECCION CENSAL;16536.3159593;84.6542056074766;38.890723224569;2.04295942720764;2.13466334164589;8.29439252336449;2.7431421446384
5029702017;02;SECCION CENSAL;26688.2543445;95.9807135969142;39.5172146994132;2.22532188841202;2.41162790697674;11.6682738669238;4.18604651162791
5029702018;02;SECCION CENSAL;44699.78405;107.747778537252;46.3768219063122;2.22644376899696;2.31437598736177;5.18771331058021;1.8957345971564
5029702019;02;SECCION CENSAL;55765.3806756;112.884615384615;48.6771350941083;2.10953346855984;2.23175965665236;3.84615384615385;1.50214592274678
5029702020;02;SECCION CENSAL;29827.7046149;106.798554652213;45.4211019840624;2.17485265225933;2.3014553014553;2.8003613369467;1.03950103950104
5029702021;02;SECCION CENSAL;20013.2685719;89.373820754717;40.3226511058507;1.97209302325581;2.15776081424936;7.54716981132076;2.79898218829517
5029702022;02;SECCION CENSAL;41855.8965147;113.849343469247;47.8734446907063;2.22852760736196;2.32852564102564;2.4776324845148;0.961538461538462
5029702023;02;SECCION CENSAL;22597.2386317;120.704339963834;50.5081019617052;2.21643286573146;2.34819532908705;3.43580470162749;1.27388535031847
5029702024;02;SECCION CENSAL;32554.2977487;111.778642936596;49.2802733600987;2.10538641686183;2.19804400977995;6.22914349276974;2.44498777506112
5029702025;02;SECCION CENSAL;56524.2354359;121.325276243094;53.4647849950816;2.11386861313869;2.20731707317073;0.0;0.0
5029702026;02;SECCION CENSAL;78547.7830261;157.261140819964;64.4998555924506;2.33874239350913;2.41213389121339;0.867302688638335;0.418410041841004
5029702027;02;SECCION CENSAL;21396.7002001;102.185074626866;46.3722975461599;2.08939708939709;2.18954248366013;6.76616915422886;2.61437908496732
5029702028;02;SECCION CENSAL;20064.4953388;109.671607753706;47.3914650234018;2.16543209876543;2.23724489795918;1.82440136830103;0.76530612244898
5029702029;02;SECCION CENSAL;25825.753076;136.455864570738;52.2326992402796;2.40406976744186;2.53680981595092;3.26481257557436;1.53374233128834
5029702030;02;SECCION CENSAL;17719.5001783;111.983298538622;46.0006248865736;2.23831775700935;2.37717121588089;7.41127348643006;2.97766749379653
5029702031;02;SECCION CENSAL;27675.8417199;85.2215843857635;38.2475209305517;2.1760391198044;2.23618090452261;7.97752808988764;3.26633165829146
5029702032;02;SECCION CENSAL;21605.3340883;89.7118337850045;38.53829958308;2.17058823529412;2.29668049792531;9.75609756097561;3.94190871369295
5029702033;02;SECCION CENSAL;30561.9376858;91.7226376614548;39.0044740658699;2.16157205240175;2.32758620689655;14.2087542087542;5.01567398119122
5029702035;02;SECCION CENSAL;33093.1871075;101.623044096728;41.6411108228405;2.229793977813;2.38071065989848;7.10732054015636;2.7072758037225
5029702036;02;SECCION CENSAL;12197.937488;99.8901098901099;41.7196717709211;2.29652996845426;2.41860465116279;4.94505494505495;0.996677740863787
5029702037;02;SECCION CENSAL;96360.9721897;97.8723693143245;39.9591479988406;2.23273273273273;2.41788617886179;10.0201748486886;4.0650406504065
5029702038;02;SECCION CENSAL;33842.6608514;116.649155722326;47.2100312331459;2.29436325678497;2.41538461538462;5.36851683348499;1.97802197802198
5029702040;02;SECCION CENSAL;36268.8971308;82.199910952805;32.7517979743755;2.32264736297828;2.50949720670391;17.9430097951915;7.15083798882682
5029702042;02;SECCION CENSAL;17851.1161069;108.833131801693;46.6230933019591;2.24119241192412;2.31652661064426;0.725513905683192;0.280112044817927
5029702045;02;SECCION CENSAL;10367.5677949;89.1112716763006;38.3038036008808;2.20382165605096;2.31438127090301;9.82658959537572;4.01337792642141
5029702046;02;SECCION CENSAL;39990.8111361;102.533826037521;40.70696896584;2.36107382550336;2.49503546099291;4.83229107447413;2.12765957446808
5029702047;02;SECCION CENSAL;18178.5621804;80.3209733487833;36.6566773331451;2.03529411764706;2.17336683417085;13.757225433526;5.52763819095477
5029702048;02;SECCION CENSAL;14999.556106;97.1416579223505;43.0465157725035;2.1463963963964;2.25829383886256;0.0;0.0
5029702049;02;SECCION CENSAL;17265.1659737;94.3527168732126;41.1290769000723;2.16288659793814;2.29540481400438;6.95900857959962;2.62582056892779
5029702050;02;SECCION CENSAL;67812.7959055;107.228981544771;44.4402389828448;2.37115072933549;2.41419141914191;0.0;0.0
5029702051;02;SECCION CENSAL;44405.8756207;108.908360128617;43.0424757138193;2.48605577689243;2.52121212121212;0.0;0.0
5029702052;02;SECCION CENSAL;51613.6099878;120.888888888889;45.2683306768275;2.59322033898305;2.66860465116279;0.0;0.0
5029702053;02;SECCION CENSAL;48585.4498775;124.683808200139;51.3845956431629;2.38805970149254;2.4283305227656;0.486111111111111;0.168634064080944
5029703001;03;SECCION CENSAL;37769.489854;79.2801204819277;33.9053119585123;2.15584415584416;2.34352941176471;16.566265060241;5.88235294117647
5029703002;03;SECCION CENSAL;140866.361453;92.3105320304017;36.8686877964158;2.36153846153846;2.49593495934959;5.21172638436482;2.4390243902439
5029703003;03;SECCION CENSAL;21937.1493185;77.4494640122512;31.5698146304289;2.28321678321678;2.43202979515829;25.2679938744257;10.0558659217877
5029703004;03;SECCION CENSAL;25915.845848;86.8685228151585;35.9887100749098;2.23316062176166;2.41231343283582;12.2196442382057;4.47761194029851
5029703005;03;SECCION CENSAL;39388.0187375;78.0637886597938;33.1783457733182;2.19209039548023;2.33734939759036;17.0747422680412;6.32530120481928
5029703007;03;SECCION CENSAL;26746.2088469;81.8307560137457;35.6678248279437;2.13186813186813;2.27788649706458;15.2920962199313;5.67514677103718
5029703008;03;SECCION CENSAL;27909.5005581;77.7604790419162;31.1140763026682;2.297583081571;2.5265780730897;23.8001314924392;8.30564784053156
5029703009;03;SECCION CENSAL;21113.0161934;75.9778699861687;28.2533089635173;2.40199335548173;2.6728280961183;28.9764868603043;12.1996303142329
5029703011;03;SECCION CENSAL;33887.2122155;74.0832888414309;29.4239909230921;2.31806930693069;2.52425876010782;26.5883609183129;9.56873315363881
5029703012;03;SECCION CENSAL;24811.4337904;85.5584415584416;38.149482015737;2.12814070351759;2.24074074074074;13.8134592680047;4.23280423280423
5029703014;03;SECCION CENSAL;28612.3142505;70.8381542699724;26.9130528046335;2.34193548387097;2.62093862815884;29.6143250688705;12.2743682310469
5029703015;03;SECCION CENSAL;21771.4106377;78.4891640866873;30.6294259728545;2.35336976320583;2.56349206349206;25.7739938080495;10.7142857142857
5029703016;03;SECCION CENSAL;32600.469116;80.7434881087203;32.5135273295945;2.34304635761589;2.49154929577465;18.2589033352176;7.1830985915493
5029701001;01;SECCION CENSAL;141214.040179;91.6854279105628;41.7492026581709;2.21538461538462;2.36453201970443;6.875;2.79146141215107
5029701002;01;SECCION CENSAL;106730.389317;87.6122448979592;37.1357710585694;2.03037974683544;2.18826739427012;11.783042394015;4.3656207366985
5029701003;01;SECCION CENSAL;49449.9224383;76.6064382139149;30.789737552938;2.14124293785311;2.34917355371901;14.4239226033421;5.78512396694215
5029701004;01;SECCION CENSAL;174957.327622;77.8041836141778;29.70378020299;2.43767705382436;2.63149847094801;24.2300987797792;10.7033639143731
5029701005;01;SECCION CENSAL;203014.46572;82.768115942029;32.3567147971017;2.40482573726542;2.57758620689655;16.4994425863991;6.60919540229885
5029701006;01;SECCION CENSAL;50694.0820698;80.5828933474129;36.0451768340116;2.41885964912281;2.53563218390805;10.5167724388033;4.59770114942529
5029701008;01;SECCION CENSAL;38620.5680158;67.3213340391742;30.1904520832262;2.00530785562633;2.21194379391101;20.4340921122287;7.37704918032787
5029701009;01;SECCION CENSAL;51586.3718704;85.7507163323782;37.2426068647966;2.08284023668639;2.25930680359435;11.4772727272727;4.36456996148909
5029701012;01;SECCION CENSAL;31290.9435296;109.683513838748;49.6933628480129;1.95990566037736;2.08793969849246;4.9338146811071;1.75879396984925
5029701015;01;SECCION CENSAL;53372.4222477;67.9182111200645;28.3814361856422;2.07558139534884;2.34647887323944;23.5294117647059;8.82629107981221
5029701017;01;SECCION CENSAL;65483.375731;70.59367194005;30.8782367925335;2.07599309153713;2.27651515151515;20.4658901830283;7.38636363636364
5029701019;01;SECCION CENSAL;75292.4132133;88.4303497332543;38.7871868344724;2.14904458598726;2.27972972972973;13.3965619442798;4.86486486486487
5029701020;01;SECCION CENSAL;48086.9711167;76.9697530864198;28.8085988136016;2.23687752355316;2.56877897990726;21.7208182912154;8.19165378670788
5029701021;01;SECCION CENSAL;48059.5536792;71.0917119565217;27.383506565055;2.24581430745814;2.54616048317515;26.4656048797018;9.92234685073339
5029701023;01;SECCION CENSAL;36852.9901902;73.6472466081405;29.1579443470376;2.3562030075188;2.57392197125257;24.4914240127643;8.93223819301848
5029701024;01;SECCION CENSAL;128621.033333;86.6353503184713;37.1196864382232;2.43304347826087;2.56227106227106;10.1501072194425;4.21245421245421
5029701025;01;SECCION CENSAL;18360.7370938;87.5492487479132;37.3229435601431;2.24344569288389;2.35363457760314;10.2671118530885;3.53634577603143
5029701026;01;SECCION CENSAL;16650.0229194;70.4378920953576;29.2079195364457;2.21388888888889;2.36498516320475;26.2233375156838;8.90207715133531
5029701027;01;SECCION CENSAL;24193.7894669;90.52;33.76644014955;2.47579298831386;2.66726618705036;17.9366149696561;7.37410071942446
5029701030;01;SECCION CENSAL;51945.7022174;77.9159811985899;31.4486774944022;2.19612903225806;2.44540229885057;15.6874265569918;6.17816091954023
5029701031;01;SECCION CENSAL;135380.246374;82.9210110584518;37.7100351804643;2.12206572769953;2.32590051457976;12.905604719764;4.80274442538594
5029701032;01;SECCION CENSAL;93504.6328963;110.410863509749;48.6942041055143;2.22074074074074;2.32043343653251;2.13475650433622;0.928792569659443
5029701033;01;SECCION CENSAL;12218.7417231;84.8;37.4567069954147;2.13798977853492;2.26126126126126;14.1832669322709;5.04504504504505
5029701034;01;SECCION CENSAL;35380.9885288;71.211880261927;27.2816074822974;2.26821541710665;2.66501240694789;32.635009310987;12.6550868486352
5029703017;03;SECCION CENSAL;23286.0622398;76.8711169861203;29.4193103958416;2.33848531684699;2.59519725557461;24.9173826834104;10.1200686106347
5029703018;03;SECCION CENSAL;28567.8544854;72.7678997613365;28.462891746356;2.34217877094972;2.57208588957055;27.9666070363745;10.2760736196319
5029703019;03;SECCION CENSAL;18246.4783411;69.4628921193573;24.595413307503;2.54775828460039;2.82289416846652;35.5011476664116;15.1187904967603
5029703020;03;SECCION CENSAL;25411.094068;72.3226730310263;27.7974802703515;2.33036707452725;2.59603469640644;32.5536992840095;13.1350681536555
5029703021;03;SECCION CENSAL;20730.5819347;70.9126016260163;26.5736387094566;2.41967213114754;2.65945945945946;24.2547425474255;10.0900900900901
5029703022;03;SECCION CENSAL;22686.1565058;70.3737727910238;29.3087279947165;2.16717325227964;2.39663865546218;25.3856942496494;9.74789915966386
5029703023;03;SECCION CENSAL;21171.0558057;67.8221906116643;25.4092151751312;2.41580756013746;2.66287878787879;28.3783783783784;12.1212121212121
5029703024;03;SECCION CENSAL;25962.6330277;75.0180442374855;25.3228026775319;2.53392330383481;2.96206896551724;33.8766006984866;15.0
5029703025;03;SECCION CENSAL;34359.5777985;72.18984375;28.8132743611971;2.3;2.53045186640472;26.8633540372671;9.82318271119843
5029703026;03;SECCION CENSAL;41071.2494538;90.459324155194;36.9963799830924;2.20718232044199;2.36390532544379;13.2665832290363;5.32544378698225
5029703027;03;SECCION CENSAL;21404.3113763;65.9220679012346;29.1038884430967;2.10048622366288;2.25391304347826;26.1574074074074;9.56521739130435
5029703028;03;SECCION CENSAL;19714.9278927;71.650406504065;27.7888234134054;2.29668049792531;2.56844547563805;30.3523035230352;12.0649651972158
5029703029;03;SECCION CENSAL;119200.237994;83.7553516819572;33.9283928833824;2.25753424657534;2.42709867452135;18.5679611650485;6.77466863033873
5029703030;03;SECCION CENSAL;93433.9957225;118.897681854516;50.0789589354155;2.2940108892922;2.36704119850187;3.79746835443038;1.12359550561798
5029703032;03;SECCION CENSAL;26309.8478001;68.5570427023582;25.7168953848146;2.35232383808096;2.64586846543002;30.8476736775016;12.4789207419899
5029703033;03;SECCION CENSAL;17820.5513855;65.951871657754;23.5818063175683;2.35714285714286;2.75675675675676;35.7397504456328;15.970515970516
5029703034;03;SECCION CENSAL;23684.1276383;68.8855656697009;23.7025800501507;2.52131147540984;2.87476635514019;35.1755526657997;15.7009345794393
5029703035;03;SECCION CENSAL;25761.6099739;70.1517615176152;24.9170484363574;2.35191082802548;2.78679245283019;33.5815842924848;13.5849056603774
5029703036;03;SECCION CENSAL;28247.0438284;72.8769792935445;27.9868223471686;2.35919540229885;2.62300319488818;27.4665042630938;11.0223642172524
5029703037;03;SECCION CENSAL;20861.8981483;77.5809917355372;28.4958911163553;2.4248496993988;2.69487750556793;31.9834710743802;12.2494432071269
5029703038;03;SECCION CENSAL;16534.0625676;73.6231721034871;27.3235931866624;2.32722513089005;2.68580060422961;24.29696287964;9.66767371601208
5029703039;03;SECCION CENSAL;23265.8760479;78.0582586427657;30.8519666130155;2.34887218045113;2.54397394136808;23.4314980793854;9.28338762214984
5029703040;03;SECCION CENSAL;14170.8361606;71.4043583535109;29.8301816837468;2.16187989556136;2.34560906515581;17.512077294686;6.79886685552408
5029703041;03;SECCION CENSAL;23417.3564219;78.3884688090737;30.9292194809169;2.31509846827133;2.52505966587112;16.6351606805293;6.68257756563246
5029703042;03;SECCION CENSAL;24017.0196646;70.6859437751004;28.5279315477899;2.30983302411874;2.49;22.2489959839357;8.6
5029703043;03;SECCION CENSAL;166008.439334;80.988864142539;32.3043257111334;2.44851657940663;2.60780669144981;16.2508909479686;6.13382899628253
5029703044;03;SECCION CENSAL;18737.5659238;74.475620975161;25.7937760716057;2.56367924528302;2.79434447300771;27.8748850045998;12.0822622107969
5029703045;03;SECCION CENSAL;20745.4009658;74.7528409090909;27.6155790236735;2.44869565217391;2.68190476190476;25.0710227272727;10.4761904761905
5029703046;03;SECCION CENSAL;37634.7083143;85.3835758835759;35.2974630432538;2.3562945368171;2.48;13.7096774193548;5.0
5029703047;03;SECCION CENSAL;36809.702383;87.7728136882129;37.6215573340419;2.27813163481953;2.3530701754386;6.33737185461323;2.41228070175439
5029703048;03;SECCION CENSAL;83317.9178191;65.6699770817418;27.5582781646047;2.22644628099174;2.40106951871658;24.0534521158129;9.62566844919786
5029703049;03;SECCION CENSAL;34906.3789462;69.5671206225681;31.1326610167412;2.14166666666667;2.24454148471616;17.6070038910506;6.55021834061135
5029703051;03;SECCION CENSAL;27173.3899331;58.0;22.9823026840758;2.26215277777778;2.52519379844961;25.7866462010744;10.077519379845
5029703052;03;SECCION CENSAL;15455.9036869;63.3295910184443;26.8931715786367;2.19542253521127;2.35727788279773;18.2838813151564;6.61625708884688
5029703053;03;SECCION CENSAL;15118.8059838;68.784;27.8820900059027;2.29124236252546;2.45098039215686;20.4444444444444;8.06100217864924
5029703054;03;SECCION CENSAL;16432.5564852;75.5176110260337;29.7656171522753;2.32384341637011;2.51153846153846;19.9846860643185;7.88461538461539
5029703055;03;SECCION CENSAL;32804.9963392;72.1653306613226;29.3276241663734;2.27334851936219;2.4672435105068;19.8396793587174;7.91100123609394
5029703056;03;SECCION CENSAL;20675.4082177;62.0931558935361;24.4806417361055;2.32229580573951;2.53493975903614;24.4296577946768;9.87951807228916
5029703057;03;SECCION CENSAL;22205.057691;66.1383989145183;24.8572027311112;2.42833607907743;2.64631956912029;28.0189959294437;12.0287253141831
5029703058;03;SECCION CENSAL;14583.398322;66.282131661442;25.4180959694567;2.41057934508816;2.60762942779292;31.5569487983281;12.8065395095368
5029703060;03;SECCION CENSAL;17801.6511655;68.9645390070922;26.0652115181675;2.43103448275862;2.66037735849057;32.0035460992908;13.6792452830189
5029703061;03;SECCION CENSAL;19117.0343983;69.8480519480519;27.3170533029773;2.32277526395173;2.53706754530478;24.9350649350649;9.71993410214168
5029703062;03;SECCION CENSAL;24140.4526531;75.4496567505721;28.7741005581997;2.45850914205345;2.61676646706587;20.6521739130435;8.68263473053892
5029703063;03;SECCION CENSAL;22650.5843522;74.5453648915187;31.2133496905164;2.27354260089686;2.36915887850467;9.6646942800789;3.73831775700935
5029703064;03;SECCION CENSAL;28522.628865;88.4319526627219;35.6619577565934;2.34722222222222;2.46715328467153;7.10059171597633;2.91970802919708
5029703065;03;SECCION CENSAL;24738.1525421;78.1560071727436;30.9930699144818;2.30758620689655;2.49701492537313;10.1613867304244;4.17910447761194
5029703066;03;SECCION CENSAL;101618.868342;114.116518163125;43.4462256687668;2.5506993006993;2.59147424511545;0.0;0.0
5029703067;03;SECCION CENSAL;45864.0322248;87.4314185228605;34.0002186493982;2.43714285714286;2.56156156156156;14.126611957796;5.55555555555556
5029703068;03;SECCION CENSAL;49177.3269853;87.4026946107784;34.6056351582549;2.42468239564428;2.52551984877127;8.38323353293413;3.59168241965974
5029703069;03;SECCION CENSAL;28601.8579438;70.5884330867518;26.0842883110494;2.35284810126582;2.69872958257713;27.0342972427707;11.6152450090744
5029703070;03;SECCION CENSAL;19957.8867105;79.9052453468697;30.906558933577;2.35247524752475;2.58823529411765;18.8552188552189;7.18954248366013
5029703071;03;SECCION CENSAL;59903.8726074;91.3763313609468;36.8236832280837;2.38700564971751;2.50741839762611;9.70414201183432;4.15430267062315
5029703073;03;SECCION CENSAL;32050.6193474;96.6143533123028;39.8727869273146;2.33088235294118;2.4152380952381;3.54889589905363;1.52380952380952
5029703074;03;SECCION CENSAL;146307.23552;96.3186895011169;38.8982641271125;2.40178571428571;2.47697974217311;0.371747211895911;0.184162062615101
5029703075;03;SECCION CENSAL;145143.511587;96.4760319573901;38.194557202131;2.43435980551053;2.51591289782245;4.72703062583222;2.01005025125628
5029703076;03;SECCION CENSAL;24618.5500762;89.4118050789293;34.5317610052556;2.48634812286689;2.60178571428571;13.6582017844887;5.53571428571429
5029703077;03;SECCION CENSAL;49207.7007215;99.8826025459689;38.7568327232415;2.46771378708551;2.54774774774775;7.85007072135785;3.42342342342342
5029703078;03;SECCION CENSAL;33550.5606016;110.0;40.1085721051387;2.69281045751634;2.7375415282392;0.0;0.0
5029703079;03;SECCION CENSAL;18526.8419181;67.0844444444444;25.1286011738546;2.32438016528926;2.67857142857143;29.2444444444444;12.8571428571429
5029703080;03;SECCION CENSAL;55947.51938;123.647249190939;48.3383586676345;2.5327868852459;2.5643153526971;0.0;0.0
5029703081;03;SECCION CENSAL;28333.4144815;102.301092043682;43.6259871512873;2.40892857142857;2.46167883211679;0.0;0.0
5029703082;03;SECCION CENSAL;70100.5653618;115.186507936508;41.089024509898;2.73913043478261;2.79113924050633;0.0;0.0
5029703083;03;SECCION CENSAL;15721.9404144;101.0;40.6622322162717;2.40316205533597;2.48670756646217;0.0;0.0
5029703084;03;SECCION CENSAL;9632.69712976;104.816464237517;43.969860548808;2.30841121495327;2.38263665594855;0.0;0.0
5029703085;03;SECCION CENSAL;18665.5241232;105.416600159617;45.8717580643059;2.18673647469459;2.28649635036496;5.90582601755786;2.18978102189781
5029703086;03;SECCION CENSAL;48955.2589862;89.9168039538715;35.5257694457519;2.39920948616601;2.52916666666667;14.827018121911;5.625
5029703087;03;SECCION CENSAL;12184.3438903;80.3079207920792;31.3008567452084;2.37647058823529;2.55696202531646;24.5544554455446;10.379746835443
5029703088;03;SECCION CENSAL;11981.9908503;68.0522222222222;27.9456128180652;2.21130221130221;2.43243243243243;23.8888888888889;10.0
5029703089;03;SECCION CENSAL;282075.991692;77.7343020238713;34.6601447732115;2.11293859649123;2.23809523809524;11.0534509600415;4.0650406504065
5029703090;03;SECCION CENSAL;30201.0892553;82.3500761035008;35.0800293497552;2.18635607321131;2.31746031746032;7.30593607305936;2.82186948853616
5029704001;04;SECCION CENSAL;30835.5081383;80.726825266612;34.4417681578512;2.1729055258467;2.3263358778626;18.129614438064;6.6793893129771
5029704002;04;SECCION CENSAL;25027.4751597;94.1740020470829;41.5564470269215;2.16629711751663;2.24082568807339;6.85772773797339;2.52293577981651
5029704003;04;SECCION CENSAL;20423.0196176;110.023002421308;46.5859641691943;2.20855614973262;2.3399433427762;6.53753026634383;1.98300283286119
5029704004;04;SECCION CENSAL;57929.6340223;92.401559454191;38.9698331685664;2.18297872340426;2.36042944785276;11.1760883690708;3.98773006134969
5029704005;04;SECCION CENSAL;27934.5542227;91.545996592845;40.7785034864607;2.11151079136691;2.23619047619048;7.24020442930153;2.66666666666667
5029704006;04;SECCION CENSAL;25612.3574628;86.0170731707317;37.3927865317432;2.17314487632509;2.30769230769231;16.5040650406504;5.44090056285178
5029704007;04;SECCION CENSAL;20195.2635137;78.0501296456353;32.6507824655964;2.21647509578544;2.38556701030928;15.8167675021608;5.56701030927835
5029704008;04;SECCION CENSAL;20255.3673208;96.7234589041096;37.8549331485568;2.27680311890838;2.48510638297872;18.8356164383562;6.59574468085106
5029704009;04;SECCION CENSAL;45374.7848257;85.1207243460765;34.0558483334959;2.24477611940299;2.44951140065147;18.218085106383;6.51465798045603
5029704010;04;SECCION CENSAL;26749.5286097;75.984725965858;33.1799687438395;2.05730129390018;2.24848484848485;12.1293800539084;4.64646464646465
5029704011;04;SECCION CENSAL;246914.865707;142.691194209891;52.5798277485751;2.56350364963504;2.68091603053435;5.75170842824601;2.44274809160305
5029704012;04;SECCION CENSAL;64379.2779218;112.759398496241;43.0572416501643;2.40168539325843;2.50733137829912;7.71929824561404;2.93255131964809
5029704013;04;SECCION CENSAL;9465.02079851;106.097222222222;44.8975542461651;2.24066390041494;2.36323851203501;0.0;0.0
5029704014;04;SECCION CENSAL;700604.606081;120.031026252983;49.0926893605494;2.35654596100279;2.43103448275862;0.0;0.0
5029704015;04;SECCION CENSAL;17893.1724161;91.0317100792752;40.026835508882;2.17487684729064;2.26992287917738;6.56851642129105;2.82776349614396
5029704016;04;SECCION CENSAL;44027.9279235;98.0209884901828;40.8663057709754;2.26515151515152;2.37678855325914;4.54849498327759;1.74880763116057
5029704017;04;SECCION CENSAL;52736.7490425;97.5270562770563;37.7470857845171;3.58839050131926;3.70572207084469;3.45588235294118;2.17983651226158
5029704018;04;SECCION CENSAL;27634.9075829;116.032448377581;47.6294300085213;2.25161290322581;2.41244239631336;10.6017191977077;4.14746543778802
5029704021;04;SECCION CENSAL;44262.288256;94.0867970660147;39.1843625645453;2.26308539944904;2.38115942028986;6.75593426658551;2.46376811594203
5029704023;04;SECCION CENSAL;28502.2708394;93.1646297627606;40.4857739827286;2.11719939117199;2.25811688311688;11.2868439971244;4.05844155844156
5029704024;04;SECCION CENSAL;23271.6756595;87.8693035253654;38.5149352701826;2.084229390681;2.26705653021442;12.2957867583835;4.09356725146199
5029704025;04;SECCION CENSAL;24083.1575931;87.1838134430727;36.1887326314183;2.24653312788906;2.39408866995074;11.8655692729767;4.43349753694581
5029704027;04;SECCION CENSAL;46683.2598236;82.6623931623932;34.8149835963581;2.17437252311757;2.37518037518037;18.7120291616039;6.49350649350649
5029704028;04;SECCION CENSAL;377972.291844;79.5919463087248;34.7172523518829;2.05082417582418;2.2184249628529;17.68251841929;6.2407132243685
5029704029;04;SECCION CENSAL;58744.3092303;92.4237508111616;40.7700980762145;2.05718085106383;2.23232323232323;9.95475113122172;3.60750360750361
5029704031;04;SECCION CENSAL;24185.2812985;100.588161209068;45.8958205789443;2.18181818181818;2.25806451612903;3.92857142857143;1.34408602150538
5029704033;04;SECCION CENSAL;212102.426973;98.993625498008;40.750328987082;2.2956204379562;2.34264432029795;3.33863275039746;1.48975791433892
5029704034;04;SECCION CENSAL;55153.5692868;88.5366541353384;39.9776102917549;2.14084507042253;2.18480492813142;5.07518796992481;1.84804928131417
5029704035;04;SECCION CENSAL;39158.8090119;97.8494117647059;40.423480392157;2.37430167597765;2.42165242165242;2.70588235294118;1.13960113960114
5029704036;04;SECCION CENSAL;87921.0283939;98.7486631016043;40.1869466726084;2.36974789915966;2.46288209606987;4.9645390070922;1.74672489082969
5029704037;04;SECCION CENSAL;616896.317706;143.882257189365;50.021440075699;2.78862973760933;2.88536953242836;0.0;0.0
5029704038;04;SECCION CENSAL;73963.7867173;91.531375935521;35.4666790743214;2.39586206896552;2.48853868194842;4.951065054692;1.86246418338109
5029704039;04;SECCION CENSAL;81156.1098957;69.5711662075298;26.4856300237856;2.38815789473684;2.59285714285714;26.9054178145087;11.4285714285714
5029704040;04;SECCION CENSAL;17194.5737867;72.9179548156956;27.876048113161;2.32963988919668;2.59567901234568;26.5160523186683;10.4938271604938
5029704041;04;SECCION CENSAL;89295.5899915;97.5876508161817;37.5305299266622;2.39629005059022;2.52846975088968;12.9486277269529;5.87188612099644
5029704042;04;SECCION CENSAL;3324463.07452;257.225203641591;75.9187566579219;3.42640364188164;3.58412698412698;1.28432240921169;0.793650793650794
5029704043;04;SECCION CENSAL;27179.6765969;114.800734618916;44.5599277010705;2.34193548387097;2.46380090497738;1.83654729109275;0.678733031674208
5029704044;04;SECCION CENSAL;31534.2548656;123.875070982396;42.0590305756128;2.86807817589577;2.94481605351171;0.0;0.0
5029704045;04;SECCION CENSAL;415503.59973;119.122659780504;42.0115318141364;2.72173913043478;2.7846975088968;0.638977635782748;0.355871886120996
5029704046;04;SECCION CENSAL;31680.0591942;70.5025210084034;31.5220743034056;2.12014134275618;2.20588235294118;13.1666666666667;5.14705882352941
5029704048;04;SECCION CENSAL;36027.1519659;116.627892030848;42.3721057884794;2.65529010238908;2.74426807760141;0.0;0.0
5029704049;04;SECCION CENSAL;23156.2172008;124.966542750929;47.45819798405;2.57006369426752;2.62012987012987;0.0;0.0
5029704051;04;SECCION CENSAL;57606.4739174;111.199875078076;42.2424903028046;2.55342902711324;2.60749185667752;0.0;0.0
5029704052;04;SECCION CENSAL;17734.7659006;149.0;59.818133157992;2.47554347826087;2.4958904109589;0.0;0.0
5029704053;04;SECCION CENSAL;547310.284231;197.634514435696;59.7715731982806;3.16901408450704;3.26086956521739;0.0;0.0
5029704054;04;SECCION CENSAL;72331.3359884;130.27422907489;50.5748667168897;3.01108033240997;3.07062146892655;0.0;0.0
5029704055;04;SECCION CENSAL;105779.991311;126.828326180258;43.537102823331;2.83831672203765;2.89604519774011;0.0;0.0
5029704056;04;SECCION CENSAL;136639.228406;101.894506866417;36.5240549758793;2.71283783783784;2.75945017182131;0.933997509339975;0.515463917525773
5029704057;04;SECCION CENSAL;471564.428116;191.509976057462;58.0763040951507;3.20025188916877;3.32156862745098;0.393545848091303;0.261437908496732
5029704058;04;SECCION CENSAL;754604.301757;183.200738916256;58.7793619720882;3.08097928436911;3.15221579961464;0.916870415647922;0.578034682080925
5029704059;04;SECCION CENSAL;187641.698939;128.293017456359;40.6281920127241;2.98696461824953;3.0727969348659;0.0;0.0
5029704060;04;SECCION CENSAL;398788.02587;94.5660377358491;36.7164517455135;2.50429553264605;2.56376429199648;2.36706689536878;1.14335971855761
5029704061;04;SECCION CENSAL;193529.716625;97.1284252228458;38.4414584602683;2.50330578512397;2.52416666666667;0.0;0.0
5029704062;04;SECCION CENSAL;394794.939474;98.0241260462826;34.9368903105861;2.72386058981233;2.78737997256516;2.80511811023622;1.50891632373114
5029704063;04;SECCION CENSAL;245007.507151;95.8987816307404;36.3734771011969;2.52843601895735;2.58353510895884;0.56232427366448;0.242130750605327
5029704064;04;SECCION CENSAL;166797.634776;98.9331797235023;39.2881719203547;2.45991902834008;2.51282051282051;0.427913100724161;0.165425971877585
5029704065;04;SECCION CENSAL;127550.224494;96.6869492236676;38.2103099853133;2.50052465897167;2.52436440677966;2.34997901804448;1.05932203389831
5029704066;04;SECCION CENSAL;125558.444686;99.8606713109563;37.9133518515512;2.6099173553719;2.63166666666667;0.0;0.0
5029704067;04;SECCION CENSAL;122107.924778;100.114719527625;40.0899076141781;2.48272251308901;2.49841938883035;0.0;0.0
5029704068;04;SECCION CENSAL;5.22577322567E7;97.0650122334848;40.5101039418005;2.41833333333333;2.43456375838926;0.0;0.0
5029704069;04;SECCION CENSAL;1422975.71838;84.6812313803376;38.6268457775283;2.0956340956341;2.16774193548387;4.51388888888889;1.72043010752688
5029704070;04;SECCION CENSAL;1085663.53373;99.9669880222027;41.2458680110217;2.41056338028169;2.42593905031892;0.0;0.0
5029704071;04;SECCION CENSAL;7543711.84496;100.996200126662;40.5535198122179;2.47492163009404;2.49053627760252;0.0;0.0
5029704072;04;SECCION CENSAL;214948.058805;144.39481409002;47.6245383809538;2.74362416107383;2.76964769647696;0.0;0.0
5029705001;05;SECCION CENSAL;56392.6731154;94.7449828683309;38.7718201531441;2.36458333333333;2.42348754448399;5.2863436123348;2.13523131672598
5029705002;05;SECCION CENSAL;1398733.60914;101.113780598368;39.6625303048392;2.39285714285714;2.49267192784667;5.20126639529625;2.0293122886133
5029705003;05;SECCION CENSAL;18020.9727753;70.8145756457565;31.0041701502489;2.09266409266409;2.25363825363825;18.7269372693727;5.82120582120582
5029705004;05;SECCION CENSAL;17834.5028911;85.0905250452625;36.2085620832962;2.15755208333333;2.30458970792768;11.949305974653;4.58970792767733
5029705005;05;SECCION CENSAL;22482.1396985;86.6098615916955;37.0972726762183;2.09420289855072;2.29365079365079;15.2249134948097;5.55555555555556
5029705006;05;SECCION CENSAL;32073.3314617;73.5729166666667;31.0285122339475;2.52157598499062;2.74846625766871;13.3928571428571;5.52147239263804
5029705007;05;SECCION CENSAL;24246.4664275;87.7855855855856;34.9523020262799;2.39913544668588;2.49251497005988;9.78978978978979;3.74251497005988
5029705008;05;SECCION CENSAL;34904.2595201;75.0685434516524;32.8996566428507;2.14435695538058;2.28212290502793;15.6058751529988;5.58659217877095
5029705009;05;SECCION CENSAL;28951.8234472;88.0332559938128;34.4558053486643;2.40334572490706;2.525390625;7.26991492652746;2.734375
5029705010;05;SECCION CENSAL;21139.0491189;74.4914651493599;31.5383875319118;2.18662519440124;2.33554817275748;16.2162162162162;5.81395348837209
5029705011;05;SECCION CENSAL;12718.8196472;77.973713033954;31.7031707383885;2.23227383863081;2.43466666666667;17.9627601314348;7.46666666666667
5029705012;05;SECCION CENSAL;64166.4836839;89.0122549019608;36.2039295827328;2.31161473087819;2.41063515509601;8.08823529411765;3.397341211226
5029705013;05;SECCION CENSAL;23712.9914389;76.0790849673203;28.5073655746942;2.43630573248408;2.65625;20.3921568627451;7.63888888888889
5029705014;05;SECCION CENSAL;20241.251148;94.7780859916782;38.5624686119682;2.3485342019544;2.43993231810491;6.38002773925104;2.36886632825719
5029705015;05;SECCION CENSAL;24978.51674;66.1622962437987;27.3949987297933;2.2576;2.41609589041096;19.9149539333806;7.36301369863014
5029705016;05;SECCION CENSAL;12962.0079121;56.8287356321839;25.6993356061184;2.00460829493088;2.18045112781955;18.735632183908;6.51629072681704
5029705017;05;SECCION CENSAL;38680.346914;72.3010471204188;30.0746113643121;2.22093023255814;2.37267080745342;16.4921465968586;6.83229813664596
5029705018;05;SECCION CENSAL;45800.3382899;75.5232815964523;32.2618294730172;2.2625;2.33247422680412;13.2596685082873;5.41237113402062
5029705019;05;SECCION CENSAL;24582.898974;78.9424280350438;32.305061752697;2.26025459688826;2.4359756097561;16.0200250312891;6.55487804878049
5029705020;05;SECCION CENSAL;37715.6217772;67.4107485604606;27.2156564187225;2.19354838709677;2.4399375975039;21.9948849104859;8.58034321372855
5029705021;05;SECCION CENSAL;18286.8569299;75.1169474727453;31.2060342027635;2.23725055432372;2.39099526066351;19.1278493557978;7.10900473933649
5029705022;05;SECCION CENSAL;152051.507787;78.4859584859585;32.0033917722063;2.31734837799718;2.44130757800892;13.2075471698113;5.34918276374443
5029705023;05;SECCION CENSAL;25686.6414077;74.5791642142437;28.2714529509052;2.39295774647887;2.64641744548287;25.7798705120659;10.9034267912773
5029705024;05;SECCION CENSAL;23307.6406186;72.9762931034483;31.2759165600887;2.1431870669746;2.3375314861461;22.5215517241379;8.56423173803526
5029705025;05;SECCION CENSAL;26377.6687498;70.8625792811839;27.0921205163977;2.31484502446982;2.58;26.7794221282593;10.3636363636364
5029705026;05;SECCION CENSAL;17161.6839209;91.4388059701493;37.1317937077379;2.34265734265734;2.46323529411765;15.0;5.88235294117647
5029705027;05;SECCION CENSAL;27311.8599693;72.7122241086587;30.8709967339726;2.15356489945155;2.33730158730159;19.3548387096774;6.94444444444444
5029705028;05;SECCION CENSAL;20521.9380602;86.4132231404959;36.2645747554341;2.22804532577904;2.38333333333333;15.3846153846154;5.15151515151515
5029705030;05;SECCION CENSAL;27671.9024817;90.7542635658915;37.4100166407728;2.31597845601436;2.4202626641651;11.4728682170543;4.12757973733584
5029705031;05;SECCION CENSAL;29671.1073301;90.1330774152271;37.1488910127441;2.21074964639321;2.38990825688073;11.7722328854766;4.12844036697248
5029705032;05;SECCION CENSAL;18322.7232476;71.2187210379982;30.5693222768303;2.162;2.30490405117271;20.536540240518;7.67590618336887
5029705033;05;SECCION CENSAL;35199.3091491;74.4363543788187;28.3565222722565;2.3980463980464;2.63624161073826;27.1384928716904;10.4697986577181
5029705034;05;SECCION CENSAL;86447.4580148;95.8226837060703;35.652017361386;2.39846743295019;2.51742627345845;12.0340788072417;4.6916890080429
5029705036;05;SECCION CENSAL;48897.558557;69.2206221198157;28.7454558785772;2.18915510718789;2.38461538461538;21.4285714285714;7.96703296703297
5029705037;05;SECCION CENSAL;31279.0155512;69.2990158970477;26.7415992612721;2.23519458544839;2.46915887850467;23.2399697199092;9.53271028037383
5029705038;05;SECCION CENSAL;20028.6157239;71.487648673376;28.566023545085;2.30590717299578;2.49543378995434;15.736505032022;6.39269406392694
5029705039;05;SECCION CENSAL;18564.3004235;69.2120189061445;26.7129177467348;2.35079365079365;2.59369527145359;26.9412559081702;11.3835376532399
5029705040;05;SECCION CENSAL;32258.9617473;80.1558120362737;33.0690912228346;2.27153558052434;2.4019801980198;10.4699093157461;4.15841584158416
5029705041;05;SECCION CENSAL;16594.836058;75.0;31.1257846559853;2.28136200716846;2.41555977229602;17.7533385703064;7.21062618595825
5029705042;05;SECCION CENSAL;91111.7944804;70.7749054224464;28.8139662465039;2.2689556509299;2.39577039274924;13.6191677175284;5.28700906344411
5029705043;05;SECCION CENSAL;24203.9743849;76.1353965183752;30.8957001265749;2.31492537313433;2.45411392405063;17.2147001934236;7.27848101265823
5029705044;05;SECCION CENSAL;34226.6931705;76.2727272727273;28.8786046820354;2.45430107526882;2.61604584527221;19.7699890470975;8.02292263610315
5029705045;05;SECCION CENSAL;25100.9121239;78.339229311434;29.5532255276537;2.41679389312977;2.59083469721768;17.2457359444094;6.71031096563011
5029705046;05;SECCION CENSAL;22901.0149968;68.5542056074766;28.4280342749898;2.26315789473684;2.39955357142857;13.3953488372093;5.58035714285714
5029705047;05;SECCION CENSAL;702632.882199;81.7156565656566;30.2241249413054;2.60432569974555;2.76248313090418;15.095261358085;7.01754385964912
5029705048;05;SECCION CENSAL;27660.8028576;76.6407137064071;31.160684957707;2.3115671641791;2.46322067594433;15.8999192897498;6.36182902584493
5029705049;05;SECCION CENSAL;20325.4501767;78.1994949494949;29.2971273092675;2.38076152304609;2.64;22.979797979798;8.66666666666667
5029705050;05;SECCION CENSAL;12639.6972273;93.188703465982;39.6667755717919;2.21937321937322;2.36060606060606;7.44544287548139;3.03030303030303
5029706001;06;SECCION CENSAL;28009.5448751;91.8018957345972;39.9678848293943;2.24468085106383;2.2885032537961;2.74881516587678;0.86767895878525
5029706002;06;SECCION CENSAL;14310.0414116;82.2484848484848;30.2485369866636;2.41463414634146;2.68292682926829;14.6464646464646;6.50406504065041
5029706003;06;SECCION CENSAL;37188.3189054;75.1955624355005;28.7083543445082;2.39259259259259;2.58744993324433;19.3498452012384;8.14419225634179
5029706004;06;SECCION CENSAL;513570.477865;89.8012259194396;34.0344735848739;2.48216216216216;2.61503416856492;10.801393728223;4.66970387243736
5029706005;06;SECCION CENSAL;49269.4902705;86.3555979643766;32.3296571607481;2.53709677419355;2.66610169491525;9.4723458359822;4.23728813559322
5029706006;06;SECCION CENSAL;10041.0232639;82.0;35.9952229299363;2.16551724137931;2.29197080291971;13.0573248407643;5.47445255474453
5029706007;06;SECCION CENSAL;19787.6444672;73.8803245436105;29.2944811405259;2.2877030162413;2.49620253164557;22.4137931034483;7.84810126582279
5029706008;06;SECCION CENSAL;71159.9994831;89.1037509976057;34.3755071832487;2.33333333333333;2.52112676056338;8.37988826815642;3.62173038229376
5029706009;06;SECCION CENSAL;14737.6794992;67.543844856661;30.0165824272995;2.10657193605684;2.25047438330171;15.2613827993255;5.31309297912714
5029706010;06;SECCION CENSAL;1.23720898957E8;115.04718875502;42.7286038301642;2.56060606060606;2.63035019455253;4.53648915187377;2.20492866407263
5029706011;06;SECCION CENSAL;38588.0135687;81.6028708133971;31.5807448398947;2.47630331753554;2.54257907542579;9.09090909090909;3.64963503649635
5029706013;06;SECCION CENSAL;14141.5236078;63.3378212974296;26.9723093698767;2.20810810810811;2.34770114942529;17.8702570379437;6.60919540229885
5029706014;06;SECCION CENSAL;45899.8751191;72.7787787787788;30.1665075331741;2.22991071428571;2.38995215311005;12.1121121121121;5.26315789473684
5029706015;06;SECCION CENSAL;27375.2431303;65.7586980920314;26.4275482251831;2.25;2.46132596685083;21.5488215488215;8.97790055248619
5029706016;06;SECCION CENSAL;14008.6388595;63.0585817060637;25.4359349040639;2.28941176470588;2.47582697201018;28.1603288797533;11.1959287531807
5029706017;06;SECCION CENSAL;14505.4062415;70.4691056910569;29.3345365054691;2.26519337016575;2.38834951456311;20.4878048780488;7.96116504854369
5029706018;06;SECCION CENSAL;14046.3930355;64.6608594657375;27.0313449297566;2.28989361702128;2.39166666666667;18.931475029036;7.22222222222222
5029706019;06;SECCION CENSAL;18656.1374066;59.2453740949316;22.6718049822814;2.29335793357934;2.57883817427386;29.0426387771521;11.2033195020747
5029706020;06;SECCION CENSAL;17321.1084223;59.7666666666667;22.6348777224069;2.31182795698925;2.64887063655031;29.3023255813953;11.9096509240246
5029706021;06;SECCION CENSAL;30245.0767527;66.2682370820669;26.2519758024099;2.23809523809524;2.49242424242424;22.0364741641337;9.09090909090909
5029706022;06;SECCION CENSAL;23560.1184971;75.5152420800956;30.1869535781989;2.34642356241234;2.48588410104012;15.421398684997;6.09212481426449
5029706024;06;SECCION CENSAL;27298.8363793;62.4839537869063;25.9659582735533;2.21306818181818;2.40061633281972;23.0423620025674;8.78274268104777
5029706025;06;SECCION CENSAL;167650.043475;48.6495882891125;19.7106587374199;2.186;2.47285067873303;27.2644098810613;11.0859728506787
5029706026;06;SECCION CENSAL;45968.7805714;58.9840478564307;23.6199069458291;2.28995433789954;2.47044334975369;32.3030907278166;12.5615763546798
5029706027;06;SECCION CENSAL;14997.3392369;64.1879543094496;27.3233257739424;2.22401847575058;2.34306569343066;19.8338525441329;7.78588807785888
5029706028;06;SECCION CENSAL;20395.2273809;58.5930309007232;24.0820817587417;2.26339285714286;2.44533762057878;22.8139381985536;8.84244372990354
5029706029;06;SECCION CENSAL;13323.5815387;64.2075471698113;26.4670859538787;2.31875;2.42483660130719;16.2623539982031;6.75381263616558
5029706030;06;SECCION CENSAL;17953.8308093;86.5089285714286;36.5070032017502;2.31268436578171;2.36858006042296;4.97448979591837;2.11480362537764
5029706031;06;SECCION CENSAL;163743.001052;63.912610619469;26.9916799811907;2.2713567839196;2.36649214659686;15.4867256637168;6.28272251308901
5029706032;06;SECCION CENSAL;39142.002826;70.0423728813559;29.2727060185707;2.31827111984283;2.38383838383838;14.6610169491525;6.06060606060606
5029706033;06;SECCION CENSAL;14860.1501473;87.5188679245283;36.1227834556254;2.28448275862069;2.40909090909091;9.33962264150943;3.63636363636364
5029706034;06;SECCION CENSAL;30584.9909438;72.947459086994;28.6541748697758;2.34545454545455;2.54048140043764;17.4849267872524;7.00218818380744
5029706035;06;SECCION CENSAL;4542155.78371;88.0291139240506;34.0395423746857;2.59384615384615;2.68471337579618;6.52431791221827;2.54777070063694
5029706036;06;SECCION CENSAL;57148.3021276;78.1700133868809;29.8154789384578;2.41518578352181;2.59548611111111;18.3277591973244;7.46527777777778
5029706037;06;SECCION CENSAL;12426.1236714;74.2139917695473;29.5646331407806;2.35922330097087;2.51162790697674;23.2510288065844;9.30232558139535
5029706038;06;SECCION CENSAL;26725.228271;79.0783068783069;33.7791348819513;2.17241379310345;2.31617647058824;14.1798941798942;5.3921568627451
5029706039;06;SECCION CENSAL;79790.2784435;80.9748822605965;31.4147749679584;2.49803921568627;2.57373737373737;13.0298273155416;4.84848484848485
5029707001;07;SECCION CENSAL;127970.322435;91.7549407114625;37.7697051956814;2.34259259259259;2.4171974522293;10.1449275362319;4.03397027600849
5029707002;07;SECCION CENSAL;20196.0004191;62.7774798927614;25.8959482146803;2.26977687626775;2.43260869565217;24.3967828418231;9.78260869565217
5029707003;07;SECCION CENSAL;302725.143015;86.29604578564;34.2001857209766;2.32125603864734;2.4484076433121;11.7065556711759;4.84076433121019
5029707004;07;SECCION CENSAL;19686.0317064;75.7945306725795;31.6136961187886;2.28161888701518;2.3904593639576;11.3082039911308;4.41696113074205
5029707005;07;SECCION CENSAL;68759.1636514;74.2265193370166;29.9270597921621;2.32051282051282;2.45067698259188;10.3393843725335;3.4816247582205
5029707006;07;SECCION CENSAL;23765.5204101;67.0410334346505;26.1572086940965;2.33886255924171;2.58376963350785;22.8470111448835;9.81675392670157
5029707007;07;SECCION CENSAL;32752.3494395;69.9001645639056;28.5962899538264;2.25898389095415;2.43066666666667;18.3763027975864;7.2
5029707008;07;SECCION CENSAL;92288.1758126;106.686729514141;42.6988898097308;2.44503546099291;2.4981884057971;0.0;0.0
5029707009;07;SECCION CENSAL;42604.8204436;63.3432692307692;25.8342100846746;2.26332970620239;2.44705882352941;20.4326923076923;8.23529411764706
5029707014;07;SECCION CENSAL;3578459.49226;158.794370602033;55.2324668186474;2.63374485596708;2.72921108742004;1.796875;0.639658848614072
5029707015;07;SECCION CENSAL;39340.1195793;87.0409538621047;35.4923489816641;2.32971014492754;2.43560606060606;7.05028512182478;3.03030303030303
5029707016;07;SECCION CENSAL;96527.1635151;104.073235685752;38.5744776071639;2.65840707964602;2.70630630630631;2.39680426098535;1.26126126126126
5029707017;07;SECCION CENSAL;692139.342872;98.7046178343949;36.1221132007033;2.71244635193133;2.75381263616558;0.0;0.0
5029707018;07;SECCION CENSAL;61335.9134415;97.6233082706767;35.8695199339144;2.64940239043825;2.719836400818;0.0;0.0
5029707019;07;SECCION CENSAL;43361.8065651;99.9411764705882;36.8558619583576;2.67857142857143;2.70127118644068;0.0;0.0
5029707020;07;SECCION CENSAL;59865.6453779;79.1901021209741;31.5543244373601;2.434034416826;2.51084812623274;13.0400628436764;5.12820512820513
5029708001;08;SECCION CENSAL;70688.2239385;83.1594387755102;31.5941160683737;2.5583596214511;2.68543046357616;9.67940813810111;3.97350993377483
5029708002;08;SECCION CENSAL;48429.8506397;54.2148148148148;20.7885696196807;2.26130653266332;2.59117082533589;30.7407407407407;13.6276391554703
5029708003;08;SECCION CENSAL;67322.1066363;72.5666666666667;28.2136984022921;2.375;2.5708245243129;22.3684210526316;9.30232558139535
5029708004;08;SECCION CENSAL;189334.178146;90.0562270099842;32.760310685804;2.51984126984127;2.69448373408769;17.7952755905512;7.92079207920792
5029708005;08;SECCION CENSAL;7555413.7841;125.554266211604;42.5424970972693;2.80754716981132;2.9119373776908;8.66935483870968;4.50097847358121
5029708006;08;SECCION CENSAL;276738.624406;83.4657404483739;30.6002115137526;2.58306188925081;2.72041166380789;16.015132408575;7.11835334476844
5029708007;08;SECCION CENSAL;199065.252146;78.937587657784;27.9687645749099;2.54804270462633;2.75915221579961;18.5055865921788;7.32177263969172
5029708008;08;SECCION CENSAL;32704.1298727;55.1331086773378;18.5031943274361;2.68243243243243;3.03053435114504;42.4853064651553;20.8651399491094
5029708009;08;SECCION CENSAL;50206.3781652;69.3836351441985;24.29929601134;2.57142857142857;2.82954545454545;30.3212851405622;13.4469696969697
5029708010;08;SECCION CENSAL;163471.130747;133.440888308295;48.347152553767;2.81391304347826;2.91531531531532;0.0;0.0
5029708011;08;SECCION CENSAL;349540.499533;101.106883431339;35.4543045593347;2.61136158701533;2.75023741690408;11.2223756906077;5.31813865147199
5029708012;08;SECCION CENSAL;72763.9359937;73.6363040629096;27.8729006372268;2.42222222222222;2.61301369863014;21.2319790301442;9.07534246575342
5029708013;08;SECCION CENSAL;81073.7210534;86.8229583095374;30.6897397716388;2.60953800298063;2.76619273301738;12.6784694460308;5.84518167456556
5029708014;08;SECCION CENSAL;393685.878482;83.9252485089463;30.8917944928735;2.51792828685259;2.68365180467091;10.878164556962;5.20169851380043
5029708015;08;SECCION CENSAL;32090.1954186;104.0;45.3311815587374;2.28014184397163;2.30465949820789;0.0;0.0
5029708016;08;SECCION CENSAL;57165.5349201;110.257452574526;45.0369398346046;2.40390879478827;2.46;0.0;0.0
5029708017;08;SECCION CENSAL;414401.82166;133.460913705584;46.5328464380458;2.82008368200837;2.92619392185239;0.0;0.0
5029708018;08;SECCION CENSAL;562490.529116;121.844562334217;40.2209039150271;2.8125;2.89433384379786;6.98412698412698;3.36906584992343
5029708019;08;SECCION CENSAL;277481.676126;94.906432748538;34.0467892166853;2.67125645438898;2.77142857142857;5.47680412371134;2.85714285714286
5029708020;08;SECCION CENSAL;112632.934723;110.243071161049;35.373029874515;2.95138121546961;3.05606407322654;1.46012729314863;0.80091533180778
5029708021;08;SECCION CENSAL;581634.322057;93.7911077041012;32.5778790100355;2.79465240641711;2.85573770491803;5.81706850363567;2.29508196721311
5029708022;08;SECCION CENSAL;312597.297333;130.903487429035;44.8915313906878;2.68329718004338;2.77354260089686;5.90137429264349;2.69058295964126
5029708023;08;SECCION CENSAL;113875.122469;91.4560585885486;32.0445078151857;2.66785079928952;2.85009487666034;9.72037283621838;4.93358633776091
5029708024;08;SECCION CENSAL;178194.729719;102.551533062431;33.4336619356732;3.058568329718;3.11946902654867;1.66666666666667;0.995575221238938
5029708025;08;SECCION CENSAL;358562.313545;147.177916666667;45.5316748862827;3.08076923076923;3.14117647058824;0.0;0.0
5029709001;09;SECCION CENSAL;44500.5073704;73.0994940978078;29.9250790682522;2.22097378277154;2.40080971659919;23.5244519392917;8.90688259109312
5029709002;09;SECCION CENSAL;29326.4496913;82.2736928104575;34.5832314675795;2.19538188277087;2.4093567251462;19.0938511326861;6.82261208576998
5029709003;09;SECCION CENSAL;90249.3334543;87.5843263061412;33.9712825890391;2.4750566893424;2.55620608899297;9.71140632157581;4.21545667447307
5029709004;09;SECCION CENSAL;30676.1649282;72.7616785431512;28.6703139028356;2.31318681318681;2.526;23.5946159936659;9.2
5029709005;09;SECCION CENSAL;29922.2065033;68.8977998580554;26.2430700378049;2.32508250825082;2.61410018552876;24.6983676366217;10.2040816326531
5029709006;09;SECCION CENSAL;32289.975345;70.5894670050761;28.809572446471;2.1949860724234;2.47409733124019;23.0964467005076;9.10518053375196
5029709007;09;SECCION CENSAL;32821.3463061;64.3837357052097;26.458804580044;2.21067415730337;2.41411042944785;24.5870393900889;9.20245398773006
5029709008;09;SECCION CENSAL;41014.6456155;75.6302083333333;28.5990409743215;2.27796610169492;2.60970873786408;21.3541666666667;9.32038834951456
5029709009;09;SECCION CENSAL;35651.1606587;78.2785829307568;30.5526657457594;2.32402234636872;2.49101796407186;22.275641025641;8.98203592814371
5029709010;09;SECCION CENSAL;51626.9040611;78.2486551105798;31.6675470000932;2.26450742240216;2.41438848920863;16.6865315852205;6.76258992805755
5029709012;09;SECCION CENSAL;190551.384603;71.6821576763486;31.6462426260321;2.11033274956217;2.23977695167286;14.4398340248963;5.57620817843866
5029709013;09;SECCION CENSAL;49855.031708;66.3563458856346;23.7217437625911;2.38576158940397;2.65867158671587;22.4149895905621;9.40959409594096
5029709014;09;SECCION CENSAL;17061.744399;69.4516695957821;27.2740610557834;2.34156378600823;2.50660792951542;21.0896309314587;8.81057268722467
5029709015;09;SECCION CENSAL;20305.8995955;70.4773519163763;27.9408251856679;2.33333333333333;2.49565217391304;21.2543554006969;8.91304347826087
5029709016;09;SECCION CENSAL;29267.3147566;71.5343511450382;27.1925809953406;2.41165755919854;2.61660079051383;22.583081570997;9.88142292490119
5029709017;09;SECCION CENSAL;1.29668094159E8;72.7940928270042;31.5516870160938;2.11785714285714;2.272030651341;13.2377740303541;4.78927203065134
5029709018;09;SECCION CENSAL;59453.7742332;78.9284776902887;29.4518890237765;2.42472266244057;2.56711409395973;17.0588235294118;7.21476510067114
5029709019;09;SECCION CENSAL;31645.0909386;65.7533568904594;26.3446053524314;2.23186119873817;2.48681898066784;22.6855123674912;9.13884007029877
5029709020;09;SECCION CENSAL;99753.0616259;83.8558981233244;34.2845585087403;2.27786259541985;2.35703001579779;7.03753351206434;3.00157977883096
5029709021;09;SECCION CENSAL;121261.881206;93.0968218773097;34.655001873784;2.72623574144487;2.80078125;4.32357043235704;1.7578125
5029709022;09;SECCION CENSAL;32237.1762504;81.1176470588235;33.5249688068192;2.3448275862069;2.3943661971831;7.35294117647059;3.16901408450704
5029709023;09;SECCION CENSAL;122625.531301;86.8924111431316;32.018305796033;2.51263537906137;2.67007672634271;16.7624521072797;6.39386189258312
5029709024;09;SECCION CENSAL;26236.5323353;88.4560061208875;34.7194090406565;2.4384328358209;2.52804642166344;5.20275439938791;2.321083172147
5029709025;09;SECCION CENSAL;50536.9531943;97.9405850091408;41.7953465460649;2.22357723577236;2.30801687763713;3.74771480804388;1.47679324894515
5029709026;09;SECCION CENSAL;160075.768653;95.5241935483871;32.7881065769703;2.58968058968059;2.69220945083014;7.63757115749526;3.57598978288633
5029709027;09;SECCION CENSAL;663365.406263;110.466683951257;41.9889199707433;2.61491525423729;2.62559564329476;0.0;0.0
5029709028;09;SECCION CENSAL;114940.964891;99.196335078534;40.0008370539553;2.47134935304991;2.4736355226642;0.0;0.0
5029710001;10;SECCION CENSAL;445273.954285;89.5498542274052;35.7046631211357;2.46408045977011;2.51466275659824;4.43148688046647;1.90615835777126
5029710002;10;SECCION CENSAL;186909.731048;78.1048387096774;30.9343690632152;2.35230352303523;2.48710601719198;12.7112135176651;5.15759312320917
5029710003;10;SECCION CENSAL;39797.6899178;73.6641337386018;29.6145578773598;2.31264637002342;2.44733581164808;17.7721518987342;6.81536555142503
5029710004;10;SECCION CENSAL;20958.3467273;74.7366881217086;31.1301633578697;2.23107049608355;2.39691444600281;16.7934464599181;6.59186535764376
5029710005;10;SECCION CENSAL;16565.23258;71.0192307692308;32.4544918983407;2.0;2.16666666666667;15.4977375565611;5.3921568627451
5029710006;10;SECCION CENSAL;19834.7679746;74.5321336760925;31.2440817168912;2.23135755258126;2.39139344262295;16.6238217652099;6.9672131147541
5029710008;10;SECCION CENSAL;261335.350168;69.3413580246914;29.6792386831275;2.19324324324324;2.33525179856115;21.6882316697474;7.62589928057554
5029710009;10;SECCION CENSAL;50711.9961848;73.6790657439446;28.9991633254609;2.33064516129032;2.53508771929825;26.038062283737;10.9649122807018
5029710010;10;SECCION CENSAL;125463.159376;62.2802547770701;26.1777059270208;2.18815331010453;2.36981132075472;23.4076433121019;8.30188679245283
5029710011;10;SECCION CENSAL;68862.5224564;91.1555323590814;35.5288657299172;2.35960591133005;2.52770448548813;11.8997912317328;5.27704485488127
5029710012;10;SECCION CENSAL;52618.0340176;95.8441734417344;37.0158502219083;2.41176470588235;2.57142857142857;5.55555555555556;1.91637630662021
5029710013;10;SECCION CENSAL;22825.6444859;67.0;28.4272863568217;2.24579124579125;2.35689045936396;11.2443778110945;4.59363957597173
5029710014;10;SECCION CENSAL;48268.8341583;72.9185829707893;27.5989925506489;2.39791356184799;2.57852564102564;20.5096333126165;9.13461538461539
5029710015;10;SECCION CENSAL;19032.191718;64.1964285714286;26.3237729600014;2.27306273062731;2.42998027613412;18.5064935064935;7.69230769230769
5029710016;10;SECCION CENSAL;775721.595572;81.2852636322668;30.1573207066921;2.55875576036866;2.66306954436451;14.4079243583971;6.35491606714628
5029710017;10;SECCION CENSAL;20397.5716328;72.7662053896577;29.9437919074466;2.28452579034942;2.42579505300353;19.7378004369993;8.12720848056537
5029710018;10;SECCION CENSAL;1533188.06262;89.1;34.987441412638;2.4236641221374;2.51984126984127;5.11811023622047;2.18253968253968
5029710019;10;SECCION CENSAL;173882.34912;84.5702895509861;34.1200599114649;2.27671755725191;2.42233502538071;11.0226320201174;4.46700507614213
5029710020;10;SECCION CENSAL;25278.5896713;78.0616113744076;32.8626899010995;2.19031141868512;2.38867924528302;17.9304897314376;6.41509433962264
5029710021;10;SECCION CENSAL;25738.1099806;75.0200445434298;30.8275019444734;2.23013245033113;2.41831238779174;15.0705270972532;6.10412926391382
5029710023;10;SECCION CENSAL;62230.8894223;96.2111455108359;35.1741219203167;2.53532182103611;2.6260162601626;5.88235294117647;2.4390243902439
5029710024;10;SECCION CENSAL;28884.0087919;97.6719367588933;36.9397268594705;2.49671052631579;2.56418918918919;15.2832674571805;6.75675675675676
5029710025;10;SECCION CENSAL;11427.6439798;75.1566156615661;29.9354054598435;2.37393162393162;2.51357466063348;20.1620162016202;7.9185520361991
5029710026;10;SECCION CENSAL;11204.4659055;65.1431079894644;28.6970463276321;2.16129032258064;2.25992063492063;13.5206321334504;5.35714285714286
5029710027;10;SECCION CENSAL;40543.4530521;89.5412647374062;34.0327125060321;2.37404580152672;2.53532608695652;15.112540192926;6.25
5029710028;10;SECCION CENSAL;28640.6799139;83.6349707075259;31.7557887673369;2.4357848518112;2.6075205640423;20.2794051374493;7.99059929494712
5029710029;10;SECCION CENSAL;61184.2933031;71.8601553829079;28.4286246573272;2.2781954887218;2.49725274725275;17.9317931793179;6.86813186813187
5029710030;10;SECCION CENSAL;83933.9312015;78.5062761506276;30.457983822618;2.44590643274854;2.57781201848998;14.166168559474;5.70107858243452
5029710031;10;SECCION CENSAL;50713.1709325;84.0417348608838;34.5965983708919;2.32761904761905;2.42460317460317;11.2929623567921;3.96825396825397
5029710032;10;SECCION CENSAL;633855.493084;78.5715287517531;31.6121339802581;2.35749588138385;2.46299483648881;14.6051712089448;6.02409638554217
5029710033;10;SECCION CENSAL;525957.27786;89.4976258309592;32.6089650485075;2.67079207920792;2.77377892030848;7.78498609823911;3.8560411311054
5029710034;10;SECCION CENSAL;45981.9664494;76.814126394052;33.6216165069441;2.19591836734694;2.27004219409283;11.6171003717472;4.21940928270042
5029710035;10;SECCION CENSAL;137814.439223;134.786039453718;47.0855179436204;2.75416666666667;2.82478632478632;0.0;0.0
5029710036;10;SECCION CENSAL;18564.6209977;73.5922053231939;29.458574370813;2.35874439461883;2.48699763593381;18.4410646387833;8.03782505910166
5029710037;10;SECCION CENSAL;2068038.9314;82.9141221374046;32.2380820356911;2.55750798722045;2.59061488673139;6.74578388507183;3.23624595469256
5029710038;10;SECCION CENSAL;60168.1145363;64.8340389500423;27.7344764324019;2.23674242424242;2.33399209486166;11.6850127011008;4.54545454545455
5029710039;10;SECCION CENSAL;136636.733917;94.2663514578408;36.2401552255745;2.4922480620155;2.60851926977688;3.03265940902022;1.41987829614604
5029710040;10;SECCION CENSAL;22590.7740608;101.349448685327;36.7833858483499;2.70412844036697;2.75467289719626;0.424088210347752;0.233644859813084
5029710041;10;SECCION CENSAL;60060.3418671;102.997429305913;37.7314617812464;2.64625850340136;2.71269177126918;1.38817480719794;0.697350069735007
5029710042;10;SECCION CENSAL;48140.9163113;100.694131594547;36.1568914429128;2.66930379746835;2.77467105263158;1.8968583283936;0.822368421052632
5029710043;10;SECCION CENSAL;120639.440935;91.3811224489796;34.4559234548964;2.580814717477;2.63624161073826;3.5132382892057;1.61073825503356
5029710044;10;SECCION CENSAL;59011.6355014;96.7534775888717;38.1048277403088;2.4980694980695;2.53228962818004;1.85471406491499;0.782778864970646
5029710045;10;SECCION CENSAL;94032.1270622;98.0740384615385;36.4616728179228;2.63959390862944;2.69430051813471;0.0;0.0
5029710046;10;SECCION CENSAL;43796.1850284;94.4506816359262;34.463978275163;2.58982346832814;2.74367436743674;0.200481154771451;0.11001100110011
5029710047;10;SECCION CENSAL;52248.0165284;99.8298662704309;39.6174135485613;2.46520146520147;2.51588785046729;0.0;0.0
5029710048;10;SECCION CENSAL;152322.235263;93.2512204280886;32.9901086531065;2.75103305785124;2.82396606574761;4.05557641757417;2.12089077412513
5029710049;10;SECCION CENSAL;236350.494321;99.6288770053476;37.5262785649831;2.64493758668516;2.68591549295775;1.0487676979549;0.563380281690141
5029710050;10;SECCION CENSAL;157202.542209;92.7214554579674;32.184380849554;2.68802698145025;2.88245931283906;6.14805520702635;3.43580470162749
5029710051;10;SECCION CENSAL;54705.6686366;86.1083722906927;29.0886731021252;2.91554467564259;3.01137800252845;18.0520570948783;9.10240202275601
5029710052;10;SECCION CENSAL;70909.157656;89.8147554129912;35.3320427487509;2.47912524850895;2.54489795918367;3.20769847634322;1.42857142857143
5029710053;10;SECCION CENSAL;123562.326187;93.0088826554465;35.4410632840013;2.57400722021661;2.61811505507956;4.53482935951379;2.203182374541
5029710054;10;SECCION CENSAL;72843.4589719;92.7794547224927;33.1430061864079;2.68848167539267;2.7719298245614;3.89483933787731;1.88933873144399
5029710055;10;SECCION CENSAL;403027.852176;92.8516483516484;32.576403705269;2.77439024390244;2.8393135725429;3.79120879120879;2.02808112324493
5029710056;10;SECCION CENSAL;65830.6662428;75.641592920354;31.1867671460177;2.31794871794872;2.41066666666667;15.1548672566372;5.33333333333333
5029710057;10;SECCION CENSAL;1861180.72248;88.0147475893364;30.6284167628102;3.04784688995215;3.08723747980614;14.8090005232862;7.75444264943457
5029710058;10;SECCION CENSAL;35307.0115091;92.2832244008715;36.063606975712;2.49005424954792;2.55;3.48583877995643;1.48148148148148
5029710059;10;SECCION CENSAL;42862.2769531;99.2668997668998;39.3600751100751;2.44444444444444;2.52352941176471;1.74825174825175;0.588235294117647
5029710060;10;SECCION CENSAL;95032.7033703;105.298174442191;37.6862983038381;2.72375690607735;2.76577840112202;0.50709939148073;0.280504908835905
5029710061;10;SECCION CENSAL;51868.8546602;98.4777376654633;36.0625472504152;2.66091051805338;2.75609756097561;2.18289085545723;1.13821138211382
5029710062;10;SECCION CENSAL;44987.4076999;96.4192073170732;38.2497432931856;2.48015122873346;2.51823416506718;1.44817073170732;0.575815738963532
5029710063;10;SECCION CENSAL;62364.5291678;119.770529547199;44.6479155246137;2.62173038229376;2.67556468172485;0.0;0.0
5029710064;10;SECCION CENSAL;116838.318457;99.0817155756208;37.2404283351341;2.5906432748538;2.65906362545018;2.61851015801354;0.960384153661465
5029710065;10;SECCION CENSAL;96545.6593125;101.103687867451;35.2615368829714;2.82628398791541;2.86523736600306;0.0;0.0
5029710066;10;SECCION CENSAL;224876.018814;104.704668838219;38.314631089497;2.59802538787024;2.67732558139535;5.91748099891422;2.47093023255814
5029710067;10;SECCION CENSAL;85039.6180996;106.32074438971;36.7007615356946;2.81944444444444;2.88625592417062;0.985221674876847;0.4739336492891
5029710068;10;SECCION CENSAL;94508.837442;90.2885572139303;36.676129158131;2.5843137254902;2.64658634538153;4.7040971168437;2.40963855421687
5029710069;10;SECCION CENSAL;68007.4365702;89.4683267802534;31.3158175906278;2.77791262135922;2.86125;4.93665356050677;2.625
5029710070;10;SECCION CENSAL;25408.7363203;99.7270935960591;37.8613778175846;2.54385964912281;2.62953367875648;1.08374384236453;0.259067357512953
5029710071;10;SECCION CENSAL;44320.5034079;102.010793650794;37.5708587202995;2.63819095477387;2.71084337349398;1.33333333333333;0.688468158347676
5029710072;10;SECCION CENSAL;67601.3257185;124.956989247312;42.08571864217;3.05902777777778;3.09122807017544;0.0;0.0
5029710073;10;SECCION CENSAL;46872.6168955;90.7717930545712;35.4642817879885;2.50936967632027;2.61634103019538;5.29531568228106;2.30905861456483
5029710074;10;SECCION CENSAL;91614.95801;108.5;35.8919537167977;2.99882214369847;3.03456495828367;0.0;0.0
5029710075;10;SECCION CENSAL;18357.7923035;90.0;34.0422971991599;2.51637279596977;2.6498673740053;0.0;0.0
5029710076;10;SECCION CENSAL;36194.7829196;92.86709367494;33.7552992037121;2.60751565762004;2.70932754880694;4.64371497197758;2.38611713665944
5029710077;10;SECCION CENSAL;58967.6449501;101.870011402509;38.2098256480681;2.56058394160584;2.62968515742129;2.10946408209806;1.04947526236882
5029710078;10;SECCION CENSAL;97610.9618466;101.876804619827;39.1226740455567;2.54034229828851;2.5975;0.0;0.0
5029710079;10;SECCION CENSAL;224120.095723;103.022740193292;34.2878931239058;2.90280065897858;3.00682593856655;5.90238365493757;3.07167235494881
5029710080;10;SECCION CENSAL;2217586.34405;102.657697121402;32.2863530196743;3.06877323420074;3.12689393939394;5.45124167171411;2.84090909090909
5029710081;10;SECCION CENSAL;136932.090931;85.6401384083045;28.8028004289561;2.89724310776942;2.97554697554698;9.68858131487889;4.89060489060489
5029710082;10;SECCION CENSAL;51297.9371574;100.973313925279;34.3366110899048;2.83104395604396;2.91101694915254;0.776322173702086;0.423728813559322
5029710083;10;SECCION CENSAL;482951.552113;104.895901639344;34.422672777043;2.93269230769231;3.01980198019802;0.0;0.0
5029710084;10;SECCION CENSAL;148434.46593;116.458448753463;36.986534603451;3.05684210526316;3.10920770877944;0.0;0.0
5029710085;10;SECCION CENSAL;253970.406369;83.0053852526926;30.605463908814;2.61822125813449;2.70931537598204;14.5816072908036;6.95847362514029
5029710086;10;SECCION CENSAL;189824.994379;94.317238267148;33.6230934304755;2.7665418227216;2.81218274111675;0.451263537906137;0.253807106598985
5029710087;10;SECCION CENSAL;952105.1386;75.8980490874764;27.6708223040939;2.67281879194631;2.76083188908146;9.98116760828625;4.8526863084922
5029710088;10;SECCION CENSAL;67742.1042872;106.792140641158;36.5323545872159;2.86094674556213;2.92586989409985;0.0;0.0
5029710089;10;SECCION CENSAL;68044.6876726;107.097968936679;35.2665557559152;2.94200351493849;3.02712477396022;0.0;0.0
5029710090;10;SECCION CENSAL;99072.7290637;94.5588442565187;35.9066240151754;2.49823943661972;2.5475763016158;3.87596899224806;1.79533213644524
5029710091;10;SECCION CENSAL;25628.5503156;93.8553412462908;34.2934725153316;2.66403162055336;2.73983739837398;0.519287833827893;0.203252032520325
5029711001;11;SECCION CENSAL;2.93340502393E8;143.310210444271;51.7685575839545;3.05273069679849;3.17843137254902;1.04873534855028;0.588235294117647
5029711002;11;SECCION CENSAL;4443646.15713;119.83110367893;47.026761282196;2.35211267605634;2.42909090909091;5.38922155688623;2.54545454545455
5029711003;11;SECCION CENSAL;6328417.3551;144.032494279176;51.5208220782004;2.62203791469194;2.72872996300863;2.39493899683687;0.986436498150431
5029711004;11;SECCION CENSAL;5.09224001566E7;130.93756503642;53.2301298250831;3.04784688995215;3.13793103448276;3.2967032967033;1.72413793103448
5029711006;11;SECCION CENSAL;1.38278854522E7;112.395148669797;39.4108292010246;2.67641325536062;2.91507430997877;12.5273124544792;6.15711252653928
5029711007;11;SECCION CENSAL;7507387.01615;121.74651810585;42.4339692008898;2.64028776978417;2.71182266009852;4.26884650317893;2.21674876847291
5029711008;11;SECCION CENSAL;1564072.12275;134.383087764254;46.5249063440758;2.69587628865979;2.79181494661922;4.65264499681326;2.31316725978648
5029711009;11;SECCION CENSAL;305532.497184;107.372400756144;39.0678034467829;2.62644628099174;2.68866328257191;5.34927627438641;2.53807106598985
5029711010;11;SECCION CENSAL;487443.772377;122.002528445006;39.4377203007705;2.88224956063269;2.9981718464351;5.42682926829268;2.92504570383912
5029711011;11;SECCION CENSAL;6581331.63119;108.665500349895;39.4616397536816;2.82797731568998;2.88803088803089;1.67112299465241;0.772200772200772
5029711012;11;SECCION CENSAL;6782832.83795;243.675862068966;84.2250903119869;2.78630136986301;2.80939226519337;0.491642084562439;0.276243093922652
5029711013;11;SECCION CENSAL;8752017.54565;179.795642374155;44.2424219742158;2.87368421052632;3.11643835616438;2.78388278388278;1.59817351598174
5029711015;11;SECCION CENSAL;261597.287804;137.194607268464;44.3504417129546;2.98251748251748;3.0573476702509;0.195388823759281;0.1194743130227
5029711016;11;SECCION CENSAL;268079.516587;97.4680954700438;34.6395709185921;2.65588615782665;2.77807848443843;8.13443740867024;3.65358592692828
5029711017;11;SECCION CENSAL;6547192.93002;142.84584178499;53.0899828377784;2.61618798955614;2.67914438502674;3.69261477045908;1.33689839572193
5029711018;11;SECCION CENSAL;319311.28584;120.921735604217;41.8373142950778;2.70614035087719;2.81735159817352;2.75526742301459;1.14155251141553
5029711019;11;SECCION CENSAL;91461.8558872;140.799283154122;44.0330124501185;3.09689213893967;3.17823639774859;0.944510035419126;0.562851782363977
5029712001;12;SECCION CENSAL;1.82481087836E7;129.638794567063;42.4690155287464;2.72502805836139;2.88703923900119;6.87808896210873;2.37812128418549
5029712002;12;SECCION CENSAL;9204156.16403;221.474820143885;75.0307829926534;3.14285714285714;3.23745819397993;1.5495867768595;1.00334448160535
5029712003;12;SECCION CENSAL;2.32472908959E7;116.60782396088;44.3710079000056;2.51022864019254;2.65057179161372;5.60882070949185;2.54129606099111
5029712004;12;SECCION CENSAL;4690282.44822;93.194880744619;33.7149385892187;2.50505050505051;2.79099678456592;21.1405529953917;9.0032154340836
5029712005;12;SECCION CENSAL;320598.479292;81.312434691745;27.4251864955701;2.68820224719101;2.97204968944099;25.8098223615465;12.111801242236
5029712006;12;SECCION CENSAL;2522048.1959;95.7831564986737;35.3035050697739;2.36505460218409;2.66901408450704;15.6332453825858;6.51408450704225
5029712007;12;SECCION CENSAL;64821.6156156;83.033033033033;31.459948447813;2.36702127659574;2.60233918128655;20.5992509363296;8.96686159844055
5029712008;12;SECCION CENSAL;71661.3885075;83.8632268632269;29.77050746185;2.47667342799189;2.81336405529954;25.5528255528255;11.0599078341014
5029712009;12;SECCION CENSAL;1.19310776337E8;193.01866251944;32.8733017316267;3.46515397082658;3.67986230636833;3.04022450888681;1.54905335628227
5029712010;12;SECCION CENSAL;3559565.50212;161.954545454545;58.3654947298563;2.80654761904762;2.85757575757576;2.22693531283139;1.21212121212121
;;;9.71962672779178E8;90.35;35.548;2.41492545361408;2.55643357366849;11.489081409369;4.68600050659465
